Metrics;CatD@3: ;CatD@5: ;CatD@10: ;CatD@15: ;CatD@20: ;MRR@3: ;MRR@5: ;MRR@10: ;MRR@15: ;MRR@20: ;NDCG@3: ;NDCG@5: ;NDCG@10: ;NDCG@15: ;NDCG@20: ;Coverage@20: ;Popularity@20: ;Saver@50: ;Training time:;Testing time seconds:;Testing time cpu:;
CM_HGCN-epoch=15-lr=0.0003-batch_size=100-embedding=30-l2=5e-05;1.1053763440860216;1.167741935483871;1.313978494623656;1.4817204301075269;1.6709677419354838;0.2688172043010751;0.2863440860215051;0.3053661034306193;0.3099424589747169;0.3119481201337287;0.34631205020737466;0.3828171776861159;0.4310240792624352;0.4468549788059444;0.4555810821526128;0.07111368909512761;0.08409247077309134;1;60280.44722986221;0.012768662873134818;0.012768662873134818;
