Metrics;CatD@3: ;CatD@5: ;CatD@10: ;CatD@15: ;CatD@20: ;HitRate@3: ;HitRate@5: ;HitRate@10: ;HitRate@15: ;HitRate@20: ;MRR@3: ;MRR@5: ;MRR@10: ;MRR@15: ;MRR@20: ;NDCG@3: ;NDCG@5: ;NDCG@10: ;NDCG@15: ;NDCG@20: ;Coverage@20: ;Popularity@20: ;Saver@50: ;Training time:;Testing time seconds:;Testing time cpu:;
FLCSP_cate-epoch=10-lr=0.001-batch_size=100-embedding_size=50-hidden_size=100-dropout=0.1-l2=1e-05;1.2731182795698925;1.5247311827956989;2.043010752688172;2.6774193548387095;3.206451612903226;0.2129032258064516;0.25591397849462366;0.3634408602150538;0.4129032258064516;0.46236559139784944;0.14659498207885305;0.1561648745519713;0.17031746031746028;0.1741783664364309;0.17692203115377983;0.19702923671275077;0.2168947036779278;0.25364442777083357;0.2670813491342395;0.2789315544641868;0.06078886310904873;0.09585886657051387;1;470.63075518608093;0.009603079416418588;0.009603079416418588;
