Metrics;CatD@3: ;CatD@5: ;CatD@10: ;CatD@15: ;CatD@20: ;HitRate@3: ;HitRate@5: ;HitRate@10: ;HitRate@15: ;HitRate@20: ;MRR@3: ;MRR@5: ;MRR@10: ;MRR@15: ;MRR@20: ;NDCG@3: ;NDCG@5: ;NDCG@10: ;NDCG@15: ;NDCG@20: ;Coverage@20: ;Popularity@20: ;Saver@50: ;Training time:;Testing time seconds:;Testing time cpu:;
GCEGNN-epoch=4-lr=0.001-batch_size=20-embedding=50-l2=0.0001;1.210752688172043;1.3978494623655915;1.939784946236559;2.5935483870967744;3.3698924731182798;0.2946236559139785;0.3763440860215054;0.4666666666666667;0.5225806451612903;0.5720430107526882;0.22508960573476694;0.24390681003584228;0.2560539341184502;0.26060325576454607;0.2633437949155017;0.27636856845622243;0.3149925434478371;0.34619632596523214;0.3616377050651222;0.37348397461010907;0.06589327146171693;0.09315474724733533;1;38531.113859415054;2.538902230929303;2.538902230929303;
