Metrics;CatD@3: ;CatD@5: ;CatD@10: ;CatD@15: ;CatD@20: ;HitRate@3: ;HitRate@5: ;HitRate@10: ;HitRate@15: ;HitRate@20: ;MRR@3: ;MRR@5: ;MRR@10: ;MRR@15: ;MRR@20: ;NDCG@3: ;NDCG@5: ;NDCG@10: ;NDCG@15: ;NDCG@20: ;Coverage@20: ;Popularity@20: ;Saver@50: ;Training time:;Testing time seconds:;Testing time cpu:;
GNRRW-epoch=15-lr=0.01-batch_size=128-hidden_size=100-l2=1e-05;1.1333333333333333;1.217204301075269;1.4559139784946236;1.7548387096774194;2.0903225806451613;0.4021505376344086;0.4860215053763441;0.578494623655914;0.6387096774193548;0.6817204301075269;0.29498207885304656;0.3143369175627239;0.32658388803550076;0.331233467846371;0.33362946416227146;0.37675215508448706;0.4164513988933061;0.4481540351506129;0.46444222924664247;0.4747634229884869;0.0711600928074246;0.0786565589052661;1;16017.02453327179;0.09028754388132403;0.09028754388132403;
