Metrics;CatD@3: ;CatD@5: ;CatD@10: ;CatD@15: ;CatD@20: ;MRR@5: ;MRR@10: ;MRR@15: ;MRR@20: ;HitRate@3: ;HitRate@5: ;HitRate@10: ;HitRate@15: ;HitRate@20: ;MRR@3: ;NDCG@3: ;NDCG@5: ;NDCG@10: ;NDCG@15: ;NDCG@20: ;Coverage@20: ;Popularity@20: ;Saver@50: ;Training time:;Testing time seconds:;Testing time cpu:;
MGS-epoch=12-lr=0.0045-batch_size=128-l2=0.0001-dropout=0.3;1.0903225806451613;1.178494623655914;1.4043010752688172;1.70752688172043;2.066666666666667;0.28207885304659497;0.3028315412186379;0.31608550947260616;0.320369218595025;0.3224126547206542;0.36129032258064514;0.45161290322580644;0.5483870967741935;0.6021505376344086;0.6387096774193548;0.35017853021505446;0.3928054151338668;0.42654657519903;0.44126937890357004;0.4500508038088309;0.07132250580046404;0.08975094100678924;1;35562.270221710205;0.025943382837439095;0.025943382837439095;
