Metrics;CatD@3: ;CatD@5: ;CatD@10: ;CatD@15: ;CatD@20: ;MRR@3: ;MRR@5: ;MRR@10: ;MRR@15: ;MRR@20: ;HitRate@3: ;HitRate@5: ;HitRate@10: ;HitRate@15: ;HitRate@20: ;NDCG@3: ;NDCG@5: ;NDCG@10: ;NDCG@15: ;NDCG@20: ;Coverage@20: ;Popularity@20: ;Saver@50: ;Training time:;Testing time seconds:;Testing time cpu:;
stan-k=700-sample_size=2800-lambda_spw=0.12-lambda_snh=400-lambda_inh=0.58;1.1225806451612903;1.2860215053763442;1.8623655913978494;2.6666666666666665;3.556989247311828;0.3207885304659499;0.33799283154121873;0.346668373442567;0.34928149508794676;0.3514558998432463;0.38924731182795697;0.4645161290322581;0.5290322580645161;0.5612903225806452;0.6;0.37099222437020085;0.40639039291020274;0.42867771137344596;0.43757095217409797;0.4468872028861401;0.08749419953596288;0.09140969266307855;1;2.1584019660949707;0.015409375775244928;0.015409375775244928;
