Metrics;CatD@3: ;CatD@5: ;CatD@10: ;CatD@15: ;CatD@20: ;MRR@3: ;MRR@5: ;MRR@10: ;MRR@15: ;MRR@20: ;HitRate@3: ;HitRate@5: ;HitRate@10: ;HitRate@15: ;HitRate@20: ;NDCG@3: ;NDCG@5: ;NDCG@10: ;NDCG@15: ;NDCG@20: ;Coverage@20: ;Popularity@20: ;Saver@50: ;Training time:;Testing time seconds:;Testing time cpu:;
TAGNN-epoch=10-lr=0.0007-batch_size=100-embedding_size=100-l2=1e-05;1.4494623655913978;1.8688172043010753;3.2451612903225806;4.769892473118279;6.275268817204301;0.2200716845878136;0.23835125448028668;0.251679467485919;0.25675890417825886;0.2590808948496454;0.3010752688172043;0.37849462365591396;0.4817204301075269;0.546236559139785;0.5870967741935483;0.28361388081413325;0.32083273152538894;0.355781324834106;0.37336592094489734;0.38323951524568894;0.0831322505800464;0.10071539967870934;1;17981.186277866364;0.006366515415970997;0.006366515415970997;
