Metrics;CatD@3: ;CatD@5: ;CatD@10: ;CatD@15: ;CatD@20: ;MRR@3: ;MRR@5: ;MRR@10: ;MRR@15: ;MRR@20: ;HitRate@3: ;HitRate@5: ;HitRate@10: ;HitRate@15: ;HitRate@20: ;NDCG@3: ;NDCG@5: ;NDCG@10: ;NDCG@15: ;NDCG@20: ;Coverage@20: ;Popularity@20: ;Saver@50: ;Training time:;Testing time seconds:;Testing time cpu:;
vsknn-k=50-sample_size=500-weighting=quadratic-weighting_score=quadratic-idf_weighting=2;1.103225806451613;1.1849462365591399;1.5010752688172042;1.8387096774193548;2.3118279569892475;0.29999999999999993;0.31225806451612903;0.3249684246458439;0.3287988594440206;0.3304083226973468;0.35268817204301073;0.4064516129032258;0.4989247311827957;0.5483870967741935;0.5763440860215053;0.3384015818586799;0.36364339290987835;0.39594178584116524;0.4093377486356216;0.41612395307852934;0.08150812064965197;0.08429415696345019;1;4.791775941848755;0.01812909803082866;0.01812909803082866;
