Metrics;CatD@3: ;CatD@5: ;CatD@10: ;CatD@15: ;CatD@20: ;MRR@3: ;MRR@5: ;MRR@10: ;MRR@15: ;MRR@20: ;HitRate@3: ;HitRate@5: ;HitRate@10: ;HitRate@15: ;HitRate@20: ;NDCG@3: ;NDCG@5: ;NDCG@10: ;NDCG@15: ;NDCG@20: ;Coverage@20: ;Popularity@20: ;Saver@50: ;Training time:;Testing time seconds:;Testing time cpu:;
stan-k=600-sample_size=800-lambda_spw=0.102-lambda_snh=55-lambda_inh=0.504;1.135483870967742;1.3182795698924732;2.0150537634408603;2.8236559139784947;3.763440860215054;0.3189964157706092;0.3351254480286738;0.3446569380440347;0.34723672384962695;0.3488523365161235;0.3870967741935484;0.45806451612903226;0.5290322580645161;0.5612903225806452;0.589247311827957;0.36725428782642217;0.4005019187320155;0.4250023684703639;0.4338492268379011;0.44064473599740756;0.09122969837587007;0.08206247581524606;1;3.7755556106567383;0.02626427988852224;0.02626427988852224;
