Metrics;MRR@3: ;MRR@5: ;MRR@10: ;MRR@15: ;MRR@20: ;HitRate@3: ;HitRate@5: ;HitRate@10: ;HitRate@15: ;HitRate@20: ;CatD@3: ;CatD@5: ;CatD@10: ;CatD@15: ;CatD@20: ;NDCG@3: ;NDCG@5: ;NDCG@10: ;NDCG@15: ;NDCG@20: ;Coverage@20: ;Popularity@20: ;Saver@50: ;Training time:;Testing time seconds:;Testing time cpu:;
CM_HGCN-epoch=8-lr=0.0006-batch_size=20-embedding=50-l2=1e-05;0.2543059777102329;0.27421479229989854;0.2863065084189703;0.28931823833039627;0.2917283494446442;0.3465045592705167;0.4316109422492401;0.5197568389057751;0.5592705167173252;0.601823708206687;1.1762917933130699;1.249240121580547;1.3981762917933132;1.5167173252279635;1.6322188449848025;0.32070329584238133;0.36136010138238284;0.39211687060156286;0.402750288345667;0.4130218663361682;0.09106422587651257;0.03693858303533574;1;74432.24384689331;0.004797541261806314;0.004797541261806314;
