Metrics;MRR@5: ;MRR@10: ;MRR@15: ;MRR@20: ;CatD@3: ;CatD@5: ;CatD@10: ;CatD@15: ;CatD@20: ;MRR@3: ;NDCG@3: ;NDCG@5: ;NDCG@10: ;NDCG@15: ;NDCG@20: ;Coverage@20: ;Popularity@20: ;Saver@50: ;Training time:;Testing time seconds:;Testing time cpu:;
CM_HGCN-epoch=15-lr=0.0006-batch_size=20-embedding=50-l2=1e-05;0.2684729064039406;0.2881773399014777;0.3003059269684884;0.302927935501827;0.30477229242184845;1.5098522167487685;1.7955665024630543;2.1108374384236455;2.376847290640394;2.6083743842364533;0.34464998179099404;0.38519221915823754;0.4160867286652323;0.42535934502365097;0.4331329815957785;0.10321100917431193;0.09428078559687463;1;40174.69973707199;0.015010489031599072;0.015010489031599072;
