Metrics; ;MRR@3: ;MRR@5: ;MRR@10: ;MRR@15: ;MRR@20: ;CatD@5: ;CatD@10: ;CatD@15: ;CatD@20: ;HitRate@3: ;HitRate@5: ;HitRate@10: ;HitRate@15: ;HitRate@20: ;NDCG@3: ;NDCG@5: ;NDCG@10: ;NDCG@15: ;NDCG@20: ;Coverage@20: ;Popularity@20: ;Saver@50: ;Training time:;Testing time seconds:;Testing time cpu:;
FLCSP_cate-epoch=20-lr=0.001-batch_size=300-embedding_size=50-hidden_size=150-dropout=0.2-l2=1e-06;0.1900656814449918;0.2050903119868637;0.21891273750879664;0.22269725348543085;0.22408598350859557;1.7857142857142858;2.2389162561576357;3.0295566502463056;3.689655172413793;4.266009852216749;0.24876847290640394;0.312807881773399;0.41133004926108374;0.4605911330049261;0.4852216748768473;0.23331479263722849;0.2639685179194628;0.29874053413606233;0.3120425300975657;0.31797846265705737;0.06360029754525168;0.1521824285791699;1;134.3120937347412;0.010354165960415244;0.010354165960415244;
