Metrics;MRR@3: ;MRR@5: ;MRR@10: ;MRR@15: ;MRR@20: ;CatD@3: ;CatD@5: ;CatD@10: ;CatD@15: ;CatD@20: ;HitRate@3: ;HitRate@5: ;HitRate@10: ;HitRate@15: ;HitRate@20: ;NDCG@3: ;NDCG@5: ;NDCG@10: ;NDCG@15: ;NDCG@20: ;Coverage@20: ;Popularity@20: ;Saver@50: ;Training time:;Testing time seconds:;Testing time cpu:;
GCEGNN-epoch=2-lr=0.001-batch_size=1-embedding=50-l2=0.0001;0.21510673234811162;0.2287766830870279;0.24131382438032695;0.24345962603351778;0.24514098672056336;1.0;1.0;1.0;1.0;1.0;0.2857142857142857;0.3448275862068966;0.43596059113300495;0.4630541871921182;0.49261083743842365;0.26844252541344243;0.29646244911457664;0.328309216076138;0.3357126985291469;0.34285739554984146;0.06465410364492934;0.1449796078724837;1;142418.38443875313;2.6697639855257984;2.6697639855257984;
