Metrics;MRR@3: ;MRR@5: ;MRR@10: ;MRR@15: ;MRR@20: ;CatD@3: ;CatD@5: ;CatD@10: ;CatD@15: ;CatD@20: ;HitRate@3: ;HitRate@5: ;HitRate@10: ;HitRate@15: ;HitRate@20: ;NDCG@3: ;NDCG@5: ;NDCG@10: ;NDCG@15: ;NDCG@20: ;Coverage@20: ;Popularity@20: ;Saver@50: ;Training time:;Testing time seconds:;Testing time cpu:;
GNRRW-epoch=15-lr=0.0012-batch_size=128-hidden_size=32-l2=1e-05;0.28489326765188827;0.31149425287356325;0.3209476894205958;0.32530097160639027;0.3267374354841374;1.6748768472906403;1.9482758620689655;2.396551724137931;2.793103448275862;3.12807881773399;0.3842364532019704;0.5024630541871922;0.5714285714285714;0.625615763546798;0.6502463054187192;0.35787429274278854;0.4128896557816098;0.43694628124118606;0.45183500520439884;0.4578417073705137;0.09254897098933797;0.13161805500003879;1;2669.877520799637;0.0342513358064473;0.0342513358064473;
