Metrics;MRR@3: ;MRR@5: ;MRR@10: ;MRR@15: ;MRR@20: ;HitRate@3: ;HitRate@5: ;HitRate@10: ;HitRate@15: ;HitRate@20: ;CatD@3: ;CatD@5: ;CatD@10: ;CatD@15: ;CatD@20: ;NDCG@3: ;NDCG@5: ;NDCG@10: ;NDCG@15: ;NDCG@20: ;Coverage@20: ;Popularity@20: ;Saver@50: ;Training time:;Testing time seconds:;Testing time cpu:;
GNRRW-epoch=10-lr=0.0012-batch_size=128-hidden_size=32-l2=1e-05;0.3150962512664639;0.33895643363728467;0.34880108071597427;0.35472823360361344;0.3574097653428489;0.4012158054711246;0.5075987841945289;0.5835866261398176;0.6595744680851063;0.7082066869300911;1.2249240121580547;1.343465045592705;1.5927051671732524;1.8662613981762919;2.0972644376899696;0.3821453064155463;0.43154402387852825;0.45731293350238755;0.4779476264309278;0.48957604120512027;0.08850449891405522;0.03786802651632666;1;15997.578167200089;0.05402829944181587;0.05402829944181587;
