Metrics;MRR@3: ;MRR@5: ;MRR@10: ;MRR@15: ;MRR@20: ;HitRate@3: ;HitRate@5: ;HitRate@10: ;HitRate@15: ;HitRate@20: ;CatD@3: ;CatD@5: ;CatD@10: ;CatD@15: ;CatD@20: ;NDCG@3: ;NDCG@5: ;NDCG@10: ;NDCG@15: ;NDCG@20: ;Coverage@20: ;Popularity@20: ;Saver@50: ;Training time:;Testing time seconds:;Testing time cpu:;
MGS-epoch=5-lr=0.0045-batch_size=128-l2=0.0001-dropout=0.3;0.30496453900709214;0.322289766970618;0.33428016596709614;0.33836873190976546;0.3402869609408329;0.4133738601823708;0.48936170212765956;0.5775075987841946;0.6291793313069909;0.662613981762918;1.2127659574468086;1.3617021276595744;1.547112462006079;1.8237082066869301;2.060790273556231;0.3785982442574927;0.4142743601809192;0.44490055306731463;0.4590137641917218;0.46711929155969817;0.08962922742786224;0.038936986023675825;1;459753.732840538;0.31880982885969444;0.31880982885969444;
