Metrics;MRR@3: ;MRR@5: ;MRR@10: ;MRR@15: ;MRR@20: ;HitRate@3: ;HitRate@5: ;HitRate@10: ;HitRate@15: ;HitRate@20: ;CatD@3: ;CatD@5: ;CatD@10: ;CatD@15: ;CatD@20: ;NDCG@3: ;NDCG@5: ;NDCG@10: ;NDCG@15: ;NDCG@20: ;Coverage@20: ;Popularity@20: ;Saver@50: ;Training time:;Testing time seconds:;Testing time cpu:;
MGS-epoch=5-lr=0.0045-batch_size=128-l2=0.0001-dropout=0.3;0.24096880131362888;0.26412151067323486;0.2761034873719603;0.2790647707519629;0.28061919772541416;0.3226600985221675;0.4211822660098522;0.5098522167487685;0.5467980295566502;0.5738916256157636;1.5295566502463054;1.748768472906404;2.1921182266009853;2.4088669950738915;2.5886699507389164;0.30266121817382274;0.34987333319077013;0.3805785944885118;0.39072132204973237;0.39728959422723054;0.07655591371187702;0.12477907990927103;1;6026.849056482315;0.2386570775450157;0.2386570775450157;
