Metrics;MRR@3: ;MRR@5: ;MRR@10: ;MRR@15: ;MRR@20: ;CatD@3: ;CatD@5: ;CatD@10: ;CatD@15: ;CatD@20: ;HitRate@3: ;HitRate@5: ;HitRate@10: ;HitRate@15: ;HitRate@20: ;NDCG@3: ;NDCG@5: ;NDCG@10: ;NDCG@15: ;NDCG@20: ;Coverage@20: ;Popularity@20: ;Saver@50: ;Training time:;Testing time seconds:;Testing time cpu:;
TAGNN-epoch=15-lr=0.0001-batch_size=128-embedding_size=100-l2=1e-05;0.22701149425287354;0.24720853858784891;0.2594905778403315;0.26224406409135476;0.2639593479060301;1.7389162561576355;2.1379310344827585;2.8177339901477834;3.37192118226601;3.9285714285714284;0.3103448275862069;0.39655172413793105;0.4852216748768473;0.5197044334975369;0.5492610837438424;0.2894369072220282;0.3306621341649033;0.3617543230529876;0.3712047158516333;0.37839925656081724;0.07860153731713365;0.11727057082474254;1;11557.26965713501;0.006428191814516565;0.006428191814516565;
