Metrics;MRR@3: ;MRR@5: ;MRR@10: ;MRR@15: ;MRR@20: ;CatD@3: ;CatD@5: ;CatD@10: ;CatD@15: ;CatD@20: ;HitRate@3: ;HitRate@5: ;HitRate@10: ;HitRate@15: ;HitRate@20: ;NDCG@3: ;NDCG@5: ;NDCG@10: ;NDCG@15: ;NDCG@20: ;Coverage@20: ;Popularity@20: ;Saver@50: ;Training time:;Testing time seconds:;Testing time cpu:;
CM_HGCN-epoch=15-lr=0.0006-batch_size=50-embedding=100-l2=1e-05;0.4979591836734692;0.5126530612244897;0.5272497570456751;0.5298066559291046;0.5311339938818297;1.1387755102040817;1.2163265306122448;1.436734693877551;1.5959183673469388;1.7551020408163265;0.6326530612244898;0.6979591836734694;0.8122448979591836;0.8448979591836735;0.8693877551020408;0.5964992411661832;0.6268886797971513;0.6653759095679022;0.6742586554485107;0.6800809881633986;0.05242478670857656;0.033305011639861486;1;9730.745259523392;0.01646803836433255;0.01646803836433255;
