Metrics;MRR@3: ;MRR@5: ;MRR@10: ;MRR@15: ;MRR@20: ;CatD@3: ;CatD@5: ;CatD@10: ;CatD@15: ;CatD@20: ;HitRate@3: ;HitRate@5: ;HitRate@10: ;HitRate@15: ;HitRate@20: ;NDCG@3: ;NDCG@5: ;NDCG@10: ;NDCG@15: ;NDCG@20: ;Coverage@20: ;Popularity@20: ;Saver@50: ;Training time:;Testing time seconds:;Testing time cpu:;
MGS-epoch=12-lr=0.0034-batch_size=64-l2=0.0001-dropout=0.5;0.49047619047619034;0.50578231292517;0.5175510204081633;0.5201146472575044;0.5225990445251834;1.2938775510204081;1.620408163265306;2.4979591836734696;3.2857142857142856;4.277551020408163;0.6122448979591837;0.6775510204081633;0.763265306122449;0.7959183673469388;0.8408163265306122;0.5775974870699734;0.6088357841735119;0.6387570839171005;0.6476480472711639;0.6583967981333544;0.04874270318814549;0.04210072911619773;1;18130.611825466156;0.017612074832527004;0.017612074832527004;
